{
    "audio": [
        [
            -1.8811494689699564,
            -11.568419115462136,
            1.3883794027467984,
            -1.7169315888348018,
            18.15744496852005,
            9.517775809150365,
            10.983830450889954,
            15.908559590126996
        ],
        [
            1.481268192285578,
            -4.585089813978709,
            -1.5519499741736333,
            -7.887663251366374,
            6.9920872597952215,
            0.9135608981822344,
            15.332966368884861,
            17.29781424596599
        ],
        [
            2.4978447745748946,
            -5.673565446970963,
            -4.24512733043638,
            -4.986222193506311,
            9.605544607908698,
            2.7708575794728625,
            14.882897017046355,
            18.426108848374174
        ],
        [
            9.669993416276158,
            3.0969617756249224,
            -10.678680697129167,
            -9.398357284536944,
            11.462713517854626,
            5.500634776763643,
            13.66490704741104,
            17.483965470672803
        ]
    ],
    "imagen": [
        [
            0.7093375325202942,
            1.903853416442871,
            3.984339714050293,
            5.20228910446167,
            58.0,
            114.0,
            145.0
        ],
        [
            0.7150681614875793,
            1.9412530660629272,
            3.9576339721679688,
            5.204335689544678,
            64.0,
            113.0,
            142.0
        ],
        [
            0.7349272966384888,
            2.072258949279785,
            4.536489963531494,
            5.899308204650879,
            50.0,
            92.0,
            115.0
        ],
        [
            0.7358736395835876,
            2.077786445617676,
            4.8339972496032715,
            6.218918800354004,
            50.0,
            92.0,
            116.0
        ],
        [
            0.394562691450119,
            0.8744380474090576,
            2.326202392578125,
            2.5539896488189697,
            40.0,
            69.0,
            133.0
        ],
        [
            0.3857520520687103,
            0.8531217575073242,
            2.302158832550049,
            2.5171756744384766,
            35.0,
            63.0,
            129.0
        ],
        [
            0.3868389129638672,
            0.856433093547821,
            2.271097421646118,
            2.483982563018799,
            41.0,
            71.0,
            136.0
        ],
        [
            0.3710583746433258,
            0.8177199959754944,
            2.2774159908294678,
            2.473026990890503,
            37.0,
            65.0,
            130.0
        ],
        [
            0.3825024664402008,
            0.8457723259925842,
            2.2786238193511963,
            2.489521026611328,
            41.0,
            72.0,
            138.0
        ],
        [
            0.47701916098594666,
            1.0687650442123413,
            3.5437660217285156,
            3.7804861068725586,
            45.0,
            41.0,
            76.0
        ],
        [
            0.46983620524406433,
            1.050018072128296,
            3.568126678466797,
            3.798421621322632,
            43.0,
            38.0,
            75.0
        ],
        [
            0.47972479462623596,
            1.0811518430709839,
            3.4223408699035645,
            4.332200527191162,
            44.0,
            39.0,
            76.0
        ],
        [
            0.6145276427268982,
            1.5100581645965576,
            2.7714450359344482,
            3.1598503589630127,
            19.0,
            15.0,
            14.0
        ],
        [
            0.6277247071266174,
            1.56356680393219,
            2.7606201171875,
            3.155951738357544,
            20.0,
            16.0,
            15.0
        ],
        [
            0.5863374471664429,
            1.4013988971710205,
            2.794778347015381,
            3.157109260559082,
            19.0,
            15.0,
            15.0
        ],
        [
            0.5767229199409485,
            1.3743025064468384,
            2.7762694358825684,
            3.0839903354644775,
            19.0,
            15.0,
            14.0
        ],
        [
            0.6005258560180664,
            1.45147705078125,
            2.8541147708892822,
            3.1980104446411133,
            16.0,
            12.0,
            12.0
        ],
        [
            0.6093021631240845,
            1.5072497129440308,
            2.5609729290008545,
            2.9908461570739746,
            20.0,
            16.0,
            15.0
        ]
    ],
    "etiquetas_audio": [
        "papa",
        "zanahoria",
        "camote",
        "berenjena"
    ],
    "etiquetas_imagen": [
        "papa",
        "papa",
        "papa",
        "papa",
        "zanahoria",
        "zanahoria",
        "zanahoria",
        "zanahoria",
        "zanahoria",
        "camote",
        "camote",
        "camote",
        "berenjena",
        "berenjena",
        "berenjena",
        "berenjena",
        "berenjena",
        "berenjena"
    ]
}