{
    "clasificador_audio": {
        "k": 5,
        "audios_entrenamiento": [
            [
                -4.241814646544464,
                -10.269550014820242,
                1.5998005390482228,
                1.3648472166421737,
                5.243303277601439,
                12.598102848249761,
                16.59005668930425
            ],
            [
                -1.1611828957487271,
                -8.222847987722012,
                -1.895831946112057,
                -3.476807824766196,
                0.232986803534593,
                12.43399272331947,
                16.33980465473373
            ],
            [
                -6.587866216607837,
                -11.501968531317505,
                3.473765145941345,
                1.1617747477274638,
                2.6849123519275917,
                14.825996882942365,
                20.13738464899959
            ],
            [
                -5.06577371531186,
                -7.587419923052733,
                0.693343773010445,
                3.0998159561188885,
                1.1100014136747824,
                13.816077521974643,
                18.99897258863431
            ],
            [
                -4.228301378000323,
                -8.884999209437611,
                -1.534946533854531,
                -1.3970548019203193,
                5.098087991481536,
                13.552933435396868,
                18.16158268893235
            ],
            [
                -12.312704014591471,
                -10.469437720707722,
                1.7311390547398293,
                -3.732769234141038,
                2.571500558076427,
                14.765804527217668,
                18.664671213272904
            ],
            [
                -12.4168701013634,
                -10.606229940665376,
                8.294851492644225,
                -0.6149232764368506,
                1.7500348266146293,
                18.314258334263613,
                22.929867853754526
            ],
            [
                -6.5403481222038025,
                -8.246236390187864,
                1.591842821539578,
                -3.7263433762976605,
                4.360075942308867,
                14.514566827300865,
                17.257012449081344
            ],
            [
                -2.714236495110759,
                -9.97177293984874,
                -1.9720782589391816,
                -6.257989646010169,
                0.9959600263170909,
                12.935347884786111,
                18.38318349473118
            ],
            [
                -15.786876059876603,
                -11.563549082651438,
                2.073541545048036,
                -1.503502710609386,
                1.4707953607954294,
                16.723555611235167,
                20.500869319038348
            ],
            [
                -6.755126135953578,
                -9.325572192581655,
                0.05737764502680269,
                -5.7983239511378555,
                1.0571976583937817,
                13.227038333619504,
                17.30669966071431
            ],
            [
                -16.983151002646842,
                -9.677890670450168,
                -0.06719106393071687,
                -2.614831598269959,
                2.6832911039621243,
                15.77467575621914,
                19.57626030585373
            ],
            [
                -1.8811494689699582,
                -11.568419115462133,
                1.3883794027467966,
                -1.7169315888348025,
                9.517775809150368,
                10.983830450889954,
                15.908559590126996
            ],
            [
                -2.1531820026239297,
                -1.3669695701932967,
                -7.005040932753781,
                -7.249717135541314,
                0.7644303183985782,
                17.769754623595006,
                20.055382538042995
            ],
            [
                -2.1804656610580526,
                -1.9058640360259804,
                -5.064834295169918,
                -9.471002682245548,
                1.3364911000345308,
                17.16825994193953,
                19.20851184165722
            ],
            [
                -2.1097118859011044,
                -3.386056612247138,
                -2.853634823425313,
                -5.5441227402837425,
                1.8678176446715589,
                15.585667894606406,
                19.985213273999605
            ],
            [
                -4.259568507744367,
                -5.819853942591444,
                -3.7388906908279855,
                -8.991325429979137,
                1.1482867871989615,
                19.553821215511203,
                20.517600992567555
            ],
            [
                -2.533110376247282,
                -4.305002690868224,
                -4.303080659719655,
                -6.024023798969404,
                0.983448316683648,
                15.345795540577578,
                18.94069258271467
            ],
            [
                -0.6189016676800145,
                -4.063753470193499,
                -6.798569816945908,
                -5.477817009005151,
                1.5484703673372993,
                17.276268126630345,
                19.410101998921366
            ],
            [
                -5.7431020644206905,
                -12.82210246390057,
                -5.122383650051667,
                -6.498901594269669,
                0.5061618054562217,
                18.615186027720974,
                25.966993368756434
            ],
            [
                -5.5228924489843525,
                -12.356402553420612,
                -6.525122460224516,
                -10.353314584909395,
                0.9222954021731526,
                24.28475507975138,
                29.491033628245297
            ],
            [
                1.4737148897266097,
                -9.723619594244852,
                -6.122559162192754,
                -1.8047583367680675,
                5.4153846215542165,
                22.301514030124363,
                25.805646193605394
            ],
            [
                0.8035617317482955,
                -9.66658213729474,
                -0.472564619058988,
                -0.4995242998826925,
                1.8127578697046893,
                27.792936708017443,
                35.76145533392218
            ],
            [
                -2.0851138842446537,
                -9.939147744985107,
                -2.933664226694553,
                -5.466312575199653,
                1.6931040560779231,
                21.721265313607393,
                26.37375534953572
            ],
            [
                -8.995897069057547,
                -12.122587095414577,
                -4.4769726873673665,
                -7.072072680002995,
                0.5756987077280922,
                22.485739792332723,
                28.052842039551198
            ],
            [
                1.4812681922855795,
                -4.585089813978709,
                -1.5519499741736318,
                -7.887663251366372,
                0.9135608981822362,
                15.332966368884861,
                17.29781424596599
            ],
            [
                2.721924054493554,
                -3.3561945466228877,
                -5.0351866932488285,
                -6.5269892809436305,
                0.6411386991065438,
                15.122490395601696,
                17.43241344682734
            ],
            [
                2.3790019086500367,
                -5.09226264347013,
                -6.90498416798828,
                -3.9460487460984055,
                0.6219531882155445,
                14.789279675538586,
                20.65258017912157
            ],
            [
                -0.05941754204651277,
